<application>
  <component name="RainbowSettings">
    <option name="enableRainbowAngleBrackets" value="false" />
    <option name="enableRainbowRoundBrackets" value="false" />
    <option name="enableRainbowSquareBrackets" value="false" />
    <option name="enableRainbowSquigglyBrackets" value="false" />
    <option name="indentGuidesOptions" value="Only selected indent guide" />
    <option name="rainbowEnabled" value="false" />
    <option name="rainbowifyTagNameInXML" value="true" />
    <option name="suppressAdvancedIndentGuidesBanner" value="true" />
    <option name="suppressDisabledCheck" value="true" />
    <option name="suppressYAMLCheck" value="true" />
    <option name="version" value="2023.3.7" />
  </component>
</application>