<application>
  <component name="UISettings">
    <option name="MARK_MODIFIED_TABS_WITH_ASTERISK" value="true" />
    <option name="OPEN_IN_PREVIEW_TAB_IF_POSSIBLE" value="true" />
    <option name="SHOW_BREAKPOINTS_OVER_LINE_NUMBERS" value="false" />
    <option name="SHOW_DIRECTORY_FOR_NON_UNIQUE_FILENAMES" value="false" />
    <option name="SHOW_EDITOR_TOOLTIP" value="false" />
    <option name="SHOW_STATUS_BAR" value="false" />
    <option name="SORT_LOOKUP_ELEMENTS_LEXICOGRAPHICALLY" value="true" />
    <option name="UI_DENSITY" value="COMPACT" />
  </component>
</application>